reciter,surah,ayah,decision,hard_reasons,review_reasons,path
Abdul_Basit_Murattal_192kbps,17,83,accept,,,/content/Quran_Audio_Data/Abdul_Basit_Murattal_192kbps/017083.mp3
Abdullah_Basfar_192kbps,17,83,accept,,,/content/Quran_Audio_Data/Abdullah_Basfar_192kbps/017083.mp3
Abu_Bakr_Ash-Shaatree_128kbps,17,83,reject,low_sample_rate:11025,low_bitrate:24kbps;flatness_for_reciter:0.474(med 0.023),/content/Quran_Audio_Data/Abu_Bakr_Ash-Shaatree_128kbps/017083.mp3
Hudhaify_128kbps,17,83,review,,low_snr_for_reciter:9.9(med 19.8),/content/Quran_Audio_Data/Hudhaify_128kbps/017083.mp3
Husary_128kbps,17,83,accept,,,/content/Quran_Audio_Data/Husary_128kbps/017083.mp3
Minshawy_Murattal_128kbps,17,83,accept,,,/content/Quran_Audio_Data/Minshawy_Murattal_128kbps/017083.mp3
Muhammad_Ayyoub_128kbps,17,83,accept,,,/content/Quran_Audio_Data/Muhammad_Ayyoub_128kbps/017083.mp3
Yaser_Salamah_128kbps,17,83,accept,,,/content/Quran_Audio_Data/Yaser_Salamah_128kbps/017083.mp3
aziz_alili_128kbps,17,83,accept,,,/content/Quran_Audio_Data/aziz_alili_128kbps/017083.mp3
Abdul_Basit_Murattal_192kbps,10,29,accept,,,/content/Quran_Audio_Data/Abdul_Basit_Murattal_192kbps/010029.mp3
Abdullah_Basfar_192kbps,10,29,accept,,,/content/Quran_Audio_Data/Abdullah_Basfar_192kbps/010029.mp3
Abu_Bakr_Ash-Shaatree_128kbps,10,29,reject,low_sample_rate:11025,low_bitrate:24kbps;flatness_for_reciter:0.356(med 0.023),/content/Quran_Audio_Data/Abu_Bakr_Ash-Shaatree_128kbps/010029.mp3
Hudhaify_128kbps,10,29,accept,,,/content/Quran_Audio_Data/Hudhaify_128kbps/010029.mp3
Husary_128kbps,10,29,accept,,,/content/Quran_Audio_Data/Husary_128kbps/010029.mp3
Minshawy_Murattal_128kbps,10,29,accept,,,/content/Quran_Audio_Data/Minshawy_Murattal_128kbps/010029.mp3
Muhammad_Ayyoub_128kbps,10,29,accept,,,/content/Quran_Audio_Data/Muhammad_Ayyoub_128kbps/010029.mp3
Yaser_Salamah_128kbps,10,29,accept,,,/content/Quran_Audio_Data/Yaser_Salamah_128kbps/010029.mp3
aziz_alili_128kbps,10,29,accept,,,/content/Quran_Audio_Data/aziz_alili_128kbps/010029.mp3
Abdul_Basit_Murattal_192kbps,59,9,accept,,,/content/Quran_Audio_Data/Abdul_Basit_Murattal_192kbps/059009.mp3
Abdullah_Basfar_192kbps,59,9,accept,,,/content/Quran_Audio_Data/Abdullah_Basfar_192kbps/059009.mp3
Abu_Bakr_Ash-Shaatree_128kbps,59,9,reject,low_sample_rate:11025,low_bitrate:24kbps;flatness_for_reciter:0.520(med 0.023),/content/Quran_Audio_Data/Abu_Bakr_Ash-Shaatree_128kbps/059009.mp3
Hudhaify_128kbps,59,9,accept,,,/content/Quran_Audio_Data/Hudhaify_128kbps/059009.mp3
Husary_128kbps,59,9,accept,,,/content/Quran_Audio_Data/Husary_128kbps/059009.mp3
Minshawy_Murattal_128kbps,59,9,accept,,,/content/Quran_Audio_Data/Minshawy_Murattal_128kbps/059009.mp3
Muhammad_Ayyoub_128kbps,59,9,accept,,,/content/Quran_Audio_Data/Muhammad_Ayyoub_128kbps/059009.mp3
Yaser_Salamah_128kbps,59,9,accept,,,/content/Quran_Audio_Data/Yaser_Salamah_128kbps/059009.mp3
aziz_alili_128kbps,59,9,accept,,,/content/Quran_Audio_Data/aziz_alili_128kbps/059009.mp3
Abdul_Basit_Murattal_192kbps,2,167,accept,,,/content/Quran_Audio_Data/Abdul_Basit_Murattal_192kbps/002167.mp3
Abdullah_Basfar_192kbps,2,167,accept,,,/content/Quran_Audio_Data/Abdullah_Basfar_192kbps/002167.mp3
Abu_Bakr_Ash-Shaatree_128kbps,2,167,accept,,,/content/Quran_Audio_Data/Abu_Bakr_Ash-Shaatree_128kbps/002167.mp3
Hudhaify_128kbps,2,167,review,,reduced_sample_rate:22050;low_bitrate:24kbps,/content/Quran_Audio_Data/Hudhaify_128kbps/002167.mp3
Husary_128kbps,2,167,accept,,,/content/Quran_Audio_Data/Husary_128kbps/002167.mp3
Minshawy_Murattal_128kbps,2,167,accept,,,/content/Quran_Audio_Data/Minshawy_Murattal_128kbps/002167.mp3
Muhammad_Ayyoub_128kbps,2,167,accept,,,/content/Quran_Audio_Data/Muhammad_Ayyoub_128kbps/002167.mp3
Yaser_Salamah_128kbps,2,167,accept,,,/content/Quran_Audio_Data/Yaser_Salamah_128kbps/002167.mp3
aziz_alili_128kbps,2,167,accept,,,/content/Quran_Audio_Data/aziz_alili_128kbps/002167.mp3
Abdul_Basit_Murattal_192kbps,2,122,accept,,,/content/Quran_Audio_Data/Abdul_Basit_Murattal_192kbps/002122.mp3
Abdullah_Basfar_192kbps,2,122,accept,,,/content/Quran_Audio_Data/Abdullah_Basfar_192kbps/002122.mp3
Abu_Bakr_Ash-Shaatree_128kbps,2,122,accept,,,/content/Quran_Audio_Data/Abu_Bakr_Ash-Shaatree_128kbps/002122.mp3
Hudhaify_128kbps,2,122,review,,low_snr_for_reciter:8.2(med 19.8),/content/Quran_Audio_Data/Hudhaify_128kbps/002122.mp3
Husary_128kbps,2,122,accept,,,/content/Quran_Audio_Data/Husary_128kbps/002122.mp3
Minshawy_Murattal_128kbps,2,122,accept,,,/content/Quran_Audio_Data/Minshawy_Murattal_128kbps/002122.mp3
Muhammad_Ayyoub_128kbps,2,122,accept,,,/content/Quran_Audio_Data/Muhammad_Ayyoub_128kbps/002122.mp3
Yaser_Salamah_128kbps,2,122,accept,,,/content/Quran_Audio_Data/Yaser_Salamah_128kbps/002122.mp3
aziz_alili_128kbps,2,122,accept,,,/content/Quran_Audio_Data/aziz_alili_128kbps/002122.mp3
Abdul_Basit_Murattal_192kbps,2,66,accept,,,/content/Quran_Audio_Data/Abdul_Basit_Murattal_192kbps/002066.mp3
Abdullah_Basfar_192kbps,2,66,accept,,,/content/Quran_Audio_Data/Abdullah_Basfar_192kbps/002066.mp3
Abu_Bakr_Ash-Shaatree_128kbps,2,66,accept,,,/content/Quran_Audio_Data/Abu_Bakr_Ash-Shaatree_128kbps/002066.mp3
Hudhaify_128kbps,2,66,accept,,,/content/Quran_Audio_Data/Hudhaify_128kbps/002066.mp3
Husary_128kbps,2,66,accept,,,/content/Quran_Audio_Data/Husary_128kbps/002066.mp3
Minshawy_Murattal_128kbps,2,66,accept,,,/content/Quran_Audio_Data/Minshawy_Murattal_128kbps/002066.mp3
Muhammad_Ayyoub_128kbps,2,66,accept,,,/content/Quran_Audio_Data/Muhammad_Ayyoub_128kbps/002066.mp3
Yaser_Salamah_128kbps,2,66,accept,,,/content/Quran_Audio_Data/Yaser_Salamah_128kbps/002066.mp3
aziz_alili_128kbps,2,66,accept,,,/content/Quran_Audio_Data/aziz_alili_128kbps/002066.mp3
Abdul_Basit_Murattal_192kbps,2,12,accept,,,/content/Quran_Audio_Data/Abdul_Basit_Murattal_192kbps/002012.mp3
Abdullah_Basfar_192kbps,2,12,accept,,,/content/Quran_Audio_Data/Abdullah_Basfar_192kbps/002012.mp3
Abu_Bakr_Ash-Shaatree_128kbps,2,12,accept,,,/content/Quran_Audio_Data/Abu_Bakr_Ash-Shaatree_128kbps/002012.mp3
Hudhaify_128kbps,2,12,accept,,,/content/Quran_Audio_Data/Hudhaify_128kbps/002012.mp3
Husary_128kbps,2,12,accept,,,/content/Quran_Audio_Data/Husary_128kbps/002012.mp3
Minshawy_Murattal_128kbps,2,12,accept,,,/content/Quran_Audio_Data/Minshawy_Murattal_128kbps/002012.mp3
Muhammad_Ayyoub_128kbps,2,12,accept,,,/content/Quran_Audio_Data/Muhammad_Ayyoub_128kbps/002012.mp3
Yaser_Salamah_128kbps,2,12,accept,,,/content/Quran_Audio_Data/Yaser_Salamah_128kbps/002012.mp3
aziz_alili_128kbps,2,12,accept,,,/content/Quran_Audio_Data/aziz_alili_128kbps/002012.mp3
Abdul_Basit_Murattal_192kbps,23,46,accept,,,/content/Quran_Audio_Data/Abdul_Basit_Murattal_192kbps/023046.mp3
Abdullah_Basfar_192kbps,23,46,accept,,,/content/Quran_Audio_Data/Abdullah_Basfar_192kbps/023046.mp3
Abu_Bakr_Ash-Shaatree_128kbps,23,46,accept,,,/content/Quran_Audio_Data/Abu_Bakr_Ash-Shaatree_128kbps/023046.mp3
Hudhaify_128kbps,23,46,accept,,,/content/Quran_Audio_Data/Hudhaify_128kbps/023046.mp3
Husary_128kbps,23,46,accept,,,/content/Quran_Audio_Data/Husary_128kbps/023046.mp3
Minshawy_Murattal_128kbps,23,46,accept,,,/content/Quran_Audio_Data/Minshawy_Murattal_128kbps/023046.mp3
Muhammad_Ayyoub_128kbps,23,46,accept,,,/content/Quran_Audio_Data/Muhammad_Ayyoub_128kbps/023046.mp3
Yaser_Salamah_128kbps,23,46,accept,,,/content/Quran_Audio_Data/Yaser_Salamah_128kbps/023046.mp3
aziz_alili_128kbps,23,46,accept,,,/content/Quran_Audio_Data/aziz_alili_128kbps/023046.mp3
Abdul_Basit_Murattal_192kbps,9,14,accept,,,/content/Quran_Audio_Data/Abdul_Basit_Murattal_192kbps/009014.mp3
Abdullah_Basfar_192kbps,9,14,accept,,,/content/Quran_Audio_Data/Abdullah_Basfar_192kbps/009014.mp3
Abu_Bakr_Ash-Shaatree_128kbps,9,14,accept,,,/content/Quran_Audio_Data/Abu_Bakr_Ash-Shaatree_128kbps/009014.mp3
Hudhaify_128kbps,9,14,accept,,,/content/Quran_Audio_Data/Hudhaify_128kbps/009014.mp3
Husary_128kbps,9,14,accept,,,/content/Quran_Audio_Data/Husary_128kbps/009014.mp3
Minshawy_Murattal_128kbps,9,14,accept,,,/content/Quran_Audio_Data/Minshawy_Murattal_128kbps/009014.mp3
Muhammad_Ayyoub_128kbps,9,14,accept,,,/content/Quran_Audio_Data/Muhammad_Ayyoub_128kbps/009014.mp3
Yaser_Salamah_128kbps,9,14,accept,,,/content/Quran_Audio_Data/Yaser_Salamah_128kbps/009014.mp3
aziz_alili_128kbps,9,14,accept,,,/content/Quran_Audio_Data/aziz_alili_128kbps/009014.mp3
Abdul_Basit_Murattal_192kbps,29,49,accept,,,/content/Quran_Audio_Data/Abdul_Basit_Murattal_192kbps/029049.mp3
Abdullah_Basfar_192kbps,29,49,accept,,,/content/Quran_Audio_Data/Abdullah_Basfar_192kbps/029049.mp3
Abu_Bakr_Ash-Shaatree_128kbps,29,49,accept,,,/content/Quran_Audio_Data/Abu_Bakr_Ash-Shaatree_128kbps/029049.mp3
Hudhaify_128kbps,29,49,accept,,,/content/Quran_Audio_Data/Hudhaify_128kbps/029049.mp3
Husary_128kbps,29,49,accept,,,/content/Quran_Audio_Data/Husary_128kbps/029049.mp3
Minshawy_Murattal_128kbps,29,49,accept,,,/content/Quran_Audio_Data/Minshawy_Murattal_128kbps/029049.mp3
Muhammad_Ayyoub_128kbps,29,49,accept,,,/content/Quran_Audio_Data/Muhammad_Ayyoub_128kbps/029049.mp3
Yaser_Salamah_128kbps,29,49,accept,,,/content/Quran_Audio_Data/Yaser_Salamah_128kbps/029049.mp3
aziz_alili_128kbps,29,49,accept,,,/content/Quran_Audio_Data/aziz_alili_128kbps/029049.mp3
Abdul_Basit_Murattal_192kbps,3,109,accept,,,/content/Quran_Audio_Data/Abdul_Basit_Murattal_192kbps/003109.mp3
Abdullah_Basfar_192kbps,3,109,accept,,,/content/Quran_Audio_Data/Abdullah_Basfar_192kbps/003109.mp3
Abu_Bakr_Ash-Shaatree_128kbps,3,109,accept,,,/content/Quran_Audio_Data/Abu_Bakr_Ash-Shaatree_128kbps/003109.mp3
Hudhaify_128kbps,3,109,accept,,,/content/Quran_Audio_Data/Hudhaify_128kbps/003109.mp3
Husary_128kbps,3,109,accept,,,/content/Quran_Audio_Data/Husary_128kbps/003109.mp3
Minshawy_Murattal_128kbps,3,109,accept,,,/content/Quran_Audio_Data/Minshawy_Murattal_128kbps/003109.mp3
Muhammad_Ayyoub_128kbps,3,109,accept,,,/content/Quran_Audio_Data/Muhammad_Ayyoub_128kbps/003109.mp3
Yaser_Salamah_128kbps,3,109,accept,,,/content/Quran_Audio_Data/Yaser_Salamah_128kbps/003109.mp3
aziz_alili_128kbps,3,109,accept,,,/content/Quran_Audio_Data/aziz_alili_128kbps/003109.mp3
Abdul_Basit_Murattal_192kbps,4,108,accept,,,/content/Quran_Audio_Data/Abdul_Basit_Murattal_192kbps/004108.mp3
Abdullah_Basfar_192kbps,4,108,accept,,,/content/Quran_Audio_Data/Abdullah_Basfar_192kbps/004108.mp3
Abu_Bakr_Ash-Shaatree_128kbps,4,108,accept,,,/content/Quran_Audio_Data/Abu_Bakr_Ash-Shaatree_128kbps/004108.mp3
Hudhaify_128kbps,4,108,accept,,,/content/Quran_Audio_Data/Hudhaify_128kbps/004108.mp3
Husary_128kbps,4,108,accept,,,/content/Quran_Audio_Data/Husary_128kbps/004108.mp3
Minshawy_Murattal_128kbps,4,108,accept,,,/content/Quran_Audio_Data/Minshawy_Murattal_128kbps/004108.mp3
Muhammad_Ayyoub_128kbps,4,108,accept,,,/content/Quran_Audio_Data/Muhammad_Ayyoub_128kbps/004108.mp3
Yaser_Salamah_128kbps,4,108,accept,,,/content/Quran_Audio_Data/Yaser_Salamah_128kbps/004108.mp3
aziz_alili_128kbps,4,108,accept,,,/content/Quran_Audio_Data/aziz_alili_128kbps/004108.mp3
Abdul_Basit_Murattal_192kbps,51,35,accept,,,/content/Quran_Audio_Data/Abdul_Basit_Murattal_192kbps/051035.mp3
Abdullah_Basfar_192kbps,51,35,accept,,,/content/Quran_Audio_Data/Abdullah_Basfar_192kbps/051035.mp3
Abu_Bakr_Ash-Shaatree_128kbps,51,35,accept,,,/content/Quran_Audio_Data/Abu_Bakr_Ash-Shaatree_128kbps/051035.mp3
Hudhaify_128kbps,51,35,accept,,,/content/Quran_Audio_Data/Hudhaify_128kbps/051035.mp3
Husary_128kbps,51,35,accept,,,/content/Quran_Audio_Data/Husary_128kbps/051035.mp3
Minshawy_Murattal_128kbps,51,35,accept,,,/content/Quran_Audio_Data/Minshawy_Murattal_128kbps/051035.mp3
Muhammad_Ayyoub_128kbps,51,35,accept,,,/content/Quran_Audio_Data/Muhammad_Ayyoub_128kbps/051035.mp3
Yaser_Salamah_128kbps,51,35,accept,,,/content/Quran_Audio_Data/Yaser_Salamah_128kbps/051035.mp3
aziz_alili_128kbps,51,35,accept,,,/content/Quran_Audio_Data/aziz_alili_128kbps/051035.mp3
Abdul_Basit_Murattal_192kbps,5,110,accept,,,/content/Quran_Audio_Data/Abdul_Basit_Murattal_192kbps/005110.mp3
Abdullah_Basfar_192kbps,5,110,accept,,,/content/Quran_Audio_Data/Abdullah_Basfar_192kbps/005110.mp3
Abu_Bakr_Ash-Shaatree_128kbps,5,110,accept,,,/content/Quran_Audio_Data/Abu_Bakr_Ash-Shaatree_128kbps/005110.mp3
Hudhaify_128kbps,5,110,accept,,,/content/Quran_Audio_Data/Hudhaify_128kbps/005110.mp3
Husary_128kbps,5,110,review,,trailing:3.9s,/content/Quran_Audio_Data/Husary_128kbps/005110.mp3
Minshawy_Murattal_128kbps,5,110,accept,,,/content/Quran_Audio_Data/Minshawy_Murattal_128kbps/005110.mp3
Muhammad_Ayyoub_128kbps,5,110,accept,,,/content/Quran_Audio_Data/Muhammad_Ayyoub_128kbps/005110.mp3
Yaser_Salamah_128kbps,5,110,accept,,,/content/Quran_Audio_Data/Yaser_Salamah_128kbps/005110.mp3
aziz_alili_128kbps,5,110,reject,"over_range:peak=1.38,frac=0.0073",clipping:0.0073;clipping_run:22,/content/Quran_Audio_Data/aziz_alili_128kbps/005110.mp3
Abdul_Basit_Murattal_192kbps,26,202,accept,,,/content/Quran_Audio_Data/Abdul_Basit_Murattal_192kbps/026202.mp3
Abdullah_Basfar_192kbps,26,202,accept,,,/content/Quran_Audio_Data/Abdullah_Basfar_192kbps/026202.mp3
Abu_Bakr_Ash-Shaatree_128kbps,26,202,accept,,,/content/Quran_Audio_Data/Abu_Bakr_Ash-Shaatree_128kbps/026202.mp3
Hudhaify_128kbps,26,202,accept,,,/content/Quran_Audio_Data/Hudhaify_128kbps/026202.mp3
Husary_128kbps,26,202,accept,,,/content/Quran_Audio_Data/Husary_128kbps/026202.mp3
Minshawy_Murattal_128kbps,26,202,accept,,,/content/Quran_Audio_Data/Minshawy_Murattal_128kbps/026202.mp3
Muhammad_Ayyoub_128kbps,26,202,accept,,,/content/Quran_Audio_Data/Muhammad_Ayyoub_128kbps/026202.mp3
Yaser_Salamah_128kbps,26,202,accept,,,/content/Quran_Audio_Data/Yaser_Salamah_128kbps/026202.mp3
aziz_alili_128kbps,26,202,accept,,,/content/Quran_Audio_Data/aziz_alili_128kbps/026202.mp3
Abdul_Basit_Murattal_192kbps,67,29,accept,,,/content/Quran_Audio_Data/Abdul_Basit_Murattal_192kbps/067029.mp3
Abdullah_Basfar_192kbps,67,29,accept,,,/content/Quran_Audio_Data/Abdullah_Basfar_192kbps/067029.mp3
Abu_Bakr_Ash-Shaatree_128kbps,67,29,accept,,,/content/Quran_Audio_Data/Abu_Bakr_Ash-Shaatree_128kbps/067029.mp3
Hudhaify_128kbps,67,29,accept,,,/content/Quran_Audio_Data/Hudhaify_128kbps/067029.mp3
Husary_128kbps,67,29,accept,,,/content/Quran_Audio_Data/Husary_128kbps/067029.mp3
Minshawy_Murattal_128kbps,67,29,accept,,,/content/Quran_Audio_Data/Minshawy_Murattal_128kbps/067029.mp3
Muhammad_Ayyoub_128kbps,67,29,accept,,,/content/Quran_Audio_Data/Muhammad_Ayyoub_128kbps/067029.mp3
Yaser_Salamah_128kbps,67,29,accept,,,/content/Quran_Audio_Data/Yaser_Salamah_128kbps/067029.mp3
aziz_alili_128kbps,67,29,accept,,,/content/Quran_Audio_Data/aziz_alili_128kbps/067029.mp3
Abdul_Basit_Murattal_192kbps,3,189,accept,,,/content/Quran_Audio_Data/Abdul_Basit_Murattal_192kbps/003189.mp3
Abdullah_Basfar_192kbps,3,189,accept,,,/content/Quran_Audio_Data/Abdullah_Basfar_192kbps/003189.mp3
Abu_Bakr_Ash-Shaatree_128kbps,3,189,accept,,,/content/Quran_Audio_Data/Abu_Bakr_Ash-Shaatree_128kbps/003189.mp3
Hudhaify_128kbps,3,189,accept,,,/content/Quran_Audio_Data/Hudhaify_128kbps/003189.mp3
Husary_128kbps,3,189,accept,,,/content/Quran_Audio_Data/Husary_128kbps/003189.mp3
Minshawy_Murattal_128kbps,3,189,accept,,,/content/Quran_Audio_Data/Minshawy_Murattal_128kbps/003189.mp3
Muhammad_Ayyoub_128kbps,3,189,accept,,,/content/Quran_Audio_Data/Muhammad_Ayyoub_128kbps/003189.mp3
Yaser_Salamah_128kbps,3,189,accept,,,/content/Quran_Audio_Data/Yaser_Salamah_128kbps/003189.mp3
aziz_alili_128kbps,3,189,accept,,,/content/Quran_Audio_Data/aziz_alili_128kbps/003189.mp3
Abdul_Basit_Murattal_192kbps,44,37,accept,,,/content/Quran_Audio_Data/Abdul_Basit_Murattal_192kbps/044037.mp3
Abdullah_Basfar_192kbps,44,37,accept,,,/content/Quran_Audio_Data/Abdullah_Basfar_192kbps/044037.mp3
Abu_Bakr_Ash-Shaatree_128kbps,44,37,accept,,,/content/Quran_Audio_Data/Abu_Bakr_Ash-Shaatree_128kbps/044037.mp3
Hudhaify_128kbps,44,37,accept,,,/content/Quran_Audio_Data/Hudhaify_128kbps/044037.mp3
Husary_128kbps,44,37,accept,,,/content/Quran_Audio_Data/Husary_128kbps/044037.mp3
Minshawy_Murattal_128kbps,44,37,accept,,,/content/Quran_Audio_Data/Minshawy_Murattal_128kbps/044037.mp3
Muhammad_Ayyoub_128kbps,44,37,accept,,,/content/Quran_Audio_Data/Muhammad_Ayyoub_128kbps/044037.mp3
Yaser_Salamah_128kbps,44,37,accept,,,/content/Quran_Audio_Data/Yaser_Salamah_128kbps/044037.mp3
aziz_alili_128kbps,44,37,accept,,,/content/Quran_Audio_Data/aziz_alili_128kbps/044037.mp3
Abdul_Basit_Murattal_192kbps,14,25,accept,,,/content/Quran_Audio_Data/Abdul_Basit_Murattal_192kbps/014025.mp3
Abdullah_Basfar_192kbps,14,25,accept,,,/content/Quran_Audio_Data/Abdullah_Basfar_192kbps/014025.mp3
Abu_Bakr_Ash-Shaatree_128kbps,14,25,accept,,,/content/Quran_Audio_Data/Abu_Bakr_Ash-Shaatree_128kbps/014025.mp3
Hudhaify_128kbps,14,25,accept,,,/content/Quran_Audio_Data/Hudhaify_128kbps/014025.mp3
Husary_128kbps,14,25,accept,,,/content/Quran_Audio_Data/Husary_128kbps/014025.mp3
Minshawy_Murattal_128kbps,14,25,accept,,,/content/Quran_Audio_Data/Minshawy_Murattal_128kbps/014025.mp3
Muhammad_Ayyoub_128kbps,14,25,accept,,,/content/Quran_Audio_Data/Muhammad_Ayyoub_128kbps/014025.mp3
Yaser_Salamah_128kbps,14,25,accept,,,/content/Quran_Audio_Data/Yaser_Salamah_128kbps/014025.mp3
aziz_alili_128kbps,14,25,accept,,,/content/Quran_Audio_Data/aziz_alili_128kbps/014025.mp3
Abdul_Basit_Murattal_192kbps,3,21,accept,,,/content/Quran_Audio_Data/Abdul_Basit_Murattal_192kbps/003021.mp3
Abdullah_Basfar_192kbps,3,21,accept,,,/content/Quran_Audio_Data/Abdullah_Basfar_192kbps/003021.mp3
Abu_Bakr_Ash-Shaatree_128kbps,3,21,accept,,,/content/Quran_Audio_Data/Abu_Bakr_Ash-Shaatree_128kbps/003021.mp3
Hudhaify_128kbps,3,21,accept,,,/content/Quran_Audio_Data/Hudhaify_128kbps/003021.mp3
Husary_128kbps,3,21,review,,duration_ratio:2.03,/content/Quran_Audio_Data/Husary_128kbps/003021.mp3
Minshawy_Murattal_128kbps,3,21,accept,,,/content/Quran_Audio_Data/Minshawy_Murattal_128kbps/003021.mp3
Muhammad_Ayyoub_128kbps,3,21,accept,,,/content/Quran_Audio_Data/Muhammad_Ayyoub_128kbps/003021.mp3
Yaser_Salamah_128kbps,3,21,accept,,,/content/Quran_Audio_Data/Yaser_Salamah_128kbps/003021.mp3
aziz_alili_128kbps,3,21,reject,"over_range:peak=1.39,frac=0.0068",clipping:0.0069;clipping_run:20,/content/Quran_Audio_Data/aziz_alili_128kbps/003021.mp3
Abdul_Basit_Murattal_192kbps,5,43,accept,,,/content/Quran_Audio_Data/Abdul_Basit_Murattal_192kbps/005043.mp3
Abdullah_Basfar_192kbps,5,43,accept,,,/content/Quran_Audio_Data/Abdullah_Basfar_192kbps/005043.mp3
Abu_Bakr_Ash-Shaatree_128kbps,5,43,accept,,,/content/Quran_Audio_Data/Abu_Bakr_Ash-Shaatree_128kbps/005043.mp3
Hudhaify_128kbps,5,43,accept,,,/content/Quran_Audio_Data/Hudhaify_128kbps/005043.mp3
Husary_128kbps,5,43,accept,,,/content/Quran_Audio_Data/Husary_128kbps/005043.mp3
Minshawy_Murattal_128kbps,5,43,accept,,,/content/Quran_Audio_Data/Minshawy_Murattal_128kbps/005043.mp3
Muhammad_Ayyoub_128kbps,5,43,accept,,,/content/Quran_Audio_Data/Muhammad_Ayyoub_128kbps/005043.mp3
Yaser_Salamah_128kbps,5,43,accept,,,/content/Quran_Audio_Data/Yaser_Salamah_128kbps/005043.mp3
aziz_alili_128kbps,5,43,reject,"over_range:peak=9.90,frac=0.0151;clipping:0.015",clipping_run:46,/content/Quran_Audio_Data/aziz_alili_128kbps/005043.mp3
Abdul_Basit_Murattal_192kbps,36,14,accept,,,/content/Quran_Audio_Data/Abdul_Basit_Murattal_192kbps/036014.mp3
Abdullah_Basfar_192kbps,36,14,accept,,,/content/Quran_Audio_Data/Abdullah_Basfar_192kbps/036014.mp3
Abu_Bakr_Ash-Shaatree_128kbps,36,14,accept,,,/content/Quran_Audio_Data/Abu_Bakr_Ash-Shaatree_128kbps/036014.mp3
Hudhaify_128kbps,36,14,accept,,,/content/Quran_Audio_Data/Hudhaify_128kbps/036014.mp3
Husary_128kbps,36,14,accept,,,/content/Quran_Audio_Data/Husary_128kbps/036014.mp3
Minshawy_Murattal_128kbps,36,14,accept,,,/content/Quran_Audio_Data/Minshawy_Murattal_128kbps/036014.mp3
Muhammad_Ayyoub_128kbps,36,14,accept,,,/content/Quran_Audio_Data/Muhammad_Ayyoub_128kbps/036014.mp3
Yaser_Salamah_128kbps,36,14,accept,,,/content/Quran_Audio_Data/Yaser_Salamah_128kbps/036014.mp3
aziz_alili_128kbps,36,14,accept,,,/content/Quran_Audio_Data/aziz_alili_128kbps/036014.mp3
Abdul_Basit_Murattal_192kbps,33,51,accept,,,/content/Quran_Audio_Data/Abdul_Basit_Murattal_192kbps/033051.mp3
Abdullah_Basfar_192kbps,33,51,accept,,,/content/Quran_Audio_Data/Abdullah_Basfar_192kbps/033051.mp3
Abu_Bakr_Ash-Shaatree_128kbps,33,51,accept,,,/content/Quran_Audio_Data/Abu_Bakr_Ash-Shaatree_128kbps/033051.mp3
Hudhaify_128kbps,33,51,accept,,,/content/Quran_Audio_Data/Hudhaify_128kbps/033051.mp3
Husary_128kbps,33,51,accept,,,/content/Quran_Audio_Data/Husary_128kbps/033051.mp3
Minshawy_Murattal_128kbps,33,51,accept,,,/content/Quran_Audio_Data/Minshawy_Murattal_128kbps/033051.mp3
Muhammad_Ayyoub_128kbps,33,51,accept,,,/content/Quran_Audio_Data/Muhammad_Ayyoub_128kbps/033051.mp3
Yaser_Salamah_128kbps,33,51,accept,,,/content/Quran_Audio_Data/Yaser_Salamah_128kbps/033051.mp3
aziz_alili_128kbps,33,51,accept,,,/content/Quran_Audio_Data/aziz_alili_128kbps/033051.mp3
Abdul_Basit_Murattal_192kbps,4,87,accept,,,/content/Quran_Audio_Data/Abdul_Basit_Murattal_192kbps/004087.mp3
Abdullah_Basfar_192kbps,4,87,accept,,,/content/Quran_Audio_Data/Abdullah_Basfar_192kbps/004087.mp3
Abu_Bakr_Ash-Shaatree_128kbps,4,87,accept,,,/content/Quran_Audio_Data/Abu_Bakr_Ash-Shaatree_128kbps/004087.mp3
Hudhaify_128kbps,4,87,accept,,,/content/Quran_Audio_Data/Hudhaify_128kbps/004087.mp3
Husary_128kbps,4,87,accept,,,/content/Quran_Audio_Data/Husary_128kbps/004087.mp3
Minshawy_Murattal_128kbps,4,87,accept,,,/content/Quran_Audio_Data/Minshawy_Murattal_128kbps/004087.mp3
Muhammad_Ayyoub_128kbps,4,87,accept,,,/content/Quran_Audio_Data/Muhammad_Ayyoub_128kbps/004087.mp3
Yaser_Salamah_128kbps,4,87,accept,,,/content/Quran_Audio_Data/Yaser_Salamah_128kbps/004087.mp3
aziz_alili_128kbps,4,87,reject,"over_range:peak=3.67,frac=0.0001",clipping_run:60,/content/Quran_Audio_Data/aziz_alili_128kbps/004087.mp3
Abdul_Basit_Murattal_192kbps,16,106,review,,low_snr_for_reciter:8.5(med 20.2),/content/Quran_Audio_Data/Abdul_Basit_Murattal_192kbps/016106.mp3
Abdullah_Basfar_192kbps,16,106,accept,,,/content/Quran_Audio_Data/Abdullah_Basfar_192kbps/016106.mp3
Abu_Bakr_Ash-Shaatree_128kbps,16,106,accept,,,/content/Quran_Audio_Data/Abu_Bakr_Ash-Shaatree_128kbps/016106.mp3
Hudhaify_128kbps,16,106,review,,low_snr_for_reciter:9.9(med 19.8),/content/Quran_Audio_Data/Hudhaify_128kbps/016106.mp3
Husary_128kbps,16,106,accept,,,/content/Quran_Audio_Data/Husary_128kbps/016106.mp3
Minshawy_Murattal_128kbps,16,106,accept,,,/content/Quran_Audio_Data/Minshawy_Murattal_128kbps/016106.mp3
Muhammad_Ayyoub_128kbps,16,106,accept,,,/content/Quran_Audio_Data/Muhammad_Ayyoub_128kbps/016106.mp3
Yaser_Salamah_128kbps,16,106,accept,,,/content/Quran_Audio_Data/Yaser_Salamah_128kbps/016106.mp3
aziz_alili_128kbps,16,106,accept,,,/content/Quran_Audio_Data/aziz_alili_128kbps/016106.mp3
Abdul_Basit_Murattal_192kbps,5,82,accept,,,/content/Quran_Audio_Data/Abdul_Basit_Murattal_192kbps/005082.mp3
Abdullah_Basfar_192kbps,5,82,accept,,,/content/Quran_Audio_Data/Abdullah_Basfar_192kbps/005082.mp3
Abu_Bakr_Ash-Shaatree_128kbps,5,82,accept,,,/content/Quran_Audio_Data/Abu_Bakr_Ash-Shaatree_128kbps/005082.mp3
Hudhaify_128kbps,5,82,accept,,,/content/Quran_Audio_Data/Hudhaify_128kbps/005082.mp3
Husary_128kbps,5,82,accept,,,/content/Quran_Audio_Data/Husary_128kbps/005082.mp3
Minshawy_Murattal_128kbps,5,82,accept,,,/content/Quran_Audio_Data/Minshawy_Murattal_128kbps/005082.mp3
Muhammad_Ayyoub_128kbps,5,82,accept,,,/content/Quran_Audio_Data/Muhammad_Ayyoub_128kbps/005082.mp3
Yaser_Salamah_128kbps,5,82,accept,,,/content/Quran_Audio_Data/Yaser_Salamah_128kbps/005082.mp3
aziz_alili_128kbps,5,82,accept,,,/content/Quran_Audio_Data/aziz_alili_128kbps/005082.mp3
Abdul_Basit_Murattal_192kbps,54,44,accept,,,/content/Quran_Audio_Data/Abdul_Basit_Murattal_192kbps/054044.mp3
Abdullah_Basfar_192kbps,54,44,accept,,,/content/Quran_Audio_Data/Abdullah_Basfar_192kbps/054044.mp3
Abu_Bakr_Ash-Shaatree_128kbps,54,44,review,,low_snr_for_reciter:3.2(med 9.2),/content/Quran_Audio_Data/Abu_Bakr_Ash-Shaatree_128kbps/054044.mp3
Hudhaify_128kbps,54,44,accept,,,/content/Quran_Audio_Data/Hudhaify_128kbps/054044.mp3
Husary_128kbps,54,44,accept,,,/content/Quran_Audio_Data/Husary_128kbps/054044.mp3
Minshawy_Murattal_128kbps,54,44,accept,,,/content/Quran_Audio_Data/Minshawy_Murattal_128kbps/054044.mp3
Muhammad_Ayyoub_128kbps,54,44,accept,,,/content/Quran_Audio_Data/Muhammad_Ayyoub_128kbps/054044.mp3
Yaser_Salamah_128kbps,54,44,accept,,,/content/Quran_Audio_Data/Yaser_Salamah_128kbps/054044.mp3
aziz_alili_128kbps,54,44,accept,,,/content/Quran_Audio_Data/aziz_alili_128kbps/054044.mp3
Abdul_Basit_Murattal_192kbps,34,30,accept,,,/content/Quran_Audio_Data/Abdul_Basit_Murattal_192kbps/034030.mp3
Abdullah_Basfar_192kbps,34,30,accept,,,/content/Quran_Audio_Data/Abdullah_Basfar_192kbps/034030.mp3
Abu_Bakr_Ash-Shaatree_128kbps,34,30,accept,,,/content/Quran_Audio_Data/Abu_Bakr_Ash-Shaatree_128kbps/034030.mp3
Hudhaify_128kbps,34,30,accept,,,/content/Quran_Audio_Data/Hudhaify_128kbps/034030.mp3
Husary_128kbps,34,30,accept,,,/content/Quran_Audio_Data/Husary_128kbps/034030.mp3
Minshawy_Murattal_128kbps,34,30,accept,,,/content/Quran_Audio_Data/Minshawy_Murattal_128kbps/034030.mp3
Muhammad_Ayyoub_128kbps,34,30,accept,,,/content/Quran_Audio_Data/Muhammad_Ayyoub_128kbps/034030.mp3
Yaser_Salamah_128kbps,34,30,accept,,,/content/Quran_Audio_Data/Yaser_Salamah_128kbps/034030.mp3
aziz_alili_128kbps,34,30,accept,,,/content/Quran_Audio_Data/aziz_alili_128kbps/034030.mp3
Abdul_Basit_Murattal_192kbps,3,198,accept,,,/content/Quran_Audio_Data/Abdul_Basit_Murattal_192kbps/003198.mp3
Abdullah_Basfar_192kbps,3,198,accept,,,/content/Quran_Audio_Data/Abdullah_Basfar_192kbps/003198.mp3
Abu_Bakr_Ash-Shaatree_128kbps,3,198,accept,,,/content/Quran_Audio_Data/Abu_Bakr_Ash-Shaatree_128kbps/003198.mp3
Hudhaify_128kbps,3,198,accept,,,/content/Quran_Audio_Data/Hudhaify_128kbps/003198.mp3
Husary_128kbps,3,198,accept,,,/content/Quran_Audio_Data/Husary_128kbps/003198.mp3
Minshawy_Murattal_128kbps,3,198,accept,,,/content/Quran_Audio_Data/Minshawy_Murattal_128kbps/003198.mp3
Muhammad_Ayyoub_128kbps,3,198,accept,,,/content/Quran_Audio_Data/Muhammad_Ayyoub_128kbps/003198.mp3
Yaser_Salamah_128kbps,3,198,accept,,,/content/Quran_Audio_Data/Yaser_Salamah_128kbps/003198.mp3
aziz_alili_128kbps,3,198,reject,"over_range:peak=3.42,frac=0.0103;clipping:0.010",clipping_run:31,/content/Quran_Audio_Data/aziz_alili_128kbps/003198.mp3
Abdul_Basit_Murattal_192kbps,59,2,accept,,,/content/Quran_Audio_Data/Abdul_Basit_Murattal_192kbps/059002.mp3
Abdullah_Basfar_192kbps,59,2,accept,,,/content/Quran_Audio_Data/Abdullah_Basfar_192kbps/059002.mp3
Abu_Bakr_Ash-Shaatree_128kbps,59,2,reject,low_sample_rate:11025,low_bitrate:24kbps;flatness_for_reciter:0.506(med 0.023),/content/Quran_Audio_Data/Abu_Bakr_Ash-Shaatree_128kbps/059002.mp3
Hudhaify_128kbps,59,2,accept,,,/content/Quran_Audio_Data/Hudhaify_128kbps/059002.mp3
Husary_128kbps,59,2,accept,,,/content/Quran_Audio_Data/Husary_128kbps/059002.mp3
Minshawy_Murattal_128kbps,59,2,accept,,,/content/Quran_Audio_Data/Minshawy_Murattal_128kbps/059002.mp3
Muhammad_Ayyoub_128kbps,59,2,accept,,,/content/Quran_Audio_Data/Muhammad_Ayyoub_128kbps/059002.mp3
Yaser_Salamah_128kbps,59,2,accept,,,/content/Quran_Audio_Data/Yaser_Salamah_128kbps/059002.mp3
aziz_alili_128kbps,59,2,accept,,,/content/Quran_Audio_Data/aziz_alili_128kbps/059002.mp3
Abdul_Basit_Murattal_192kbps,7,69,accept,,,/content/Quran_Audio_Data/Abdul_Basit_Murattal_192kbps/007069.mp3
Abdullah_Basfar_192kbps,7,69,accept,,,/content/Quran_Audio_Data/Abdullah_Basfar_192kbps/007069.mp3
Abu_Bakr_Ash-Shaatree_128kbps,7,69,accept,,,/content/Quran_Audio_Data/Abu_Bakr_Ash-Shaatree_128kbps/007069.mp3
Hudhaify_128kbps,7,69,accept,,,/content/Quran_Audio_Data/Hudhaify_128kbps/007069.mp3
Husary_128kbps,7,69,accept,,,/content/Quran_Audio_Data/Husary_128kbps/007069.mp3
Minshawy_Murattal_128kbps,7,69,accept,,,/content/Quran_Audio_Data/Minshawy_Murattal_128kbps/007069.mp3
Muhammad_Ayyoub_128kbps,7,69,accept,,,/content/Quran_Audio_Data/Muhammad_Ayyoub_128kbps/007069.mp3
Yaser_Salamah_128kbps,7,69,accept,,,/content/Quran_Audio_Data/Yaser_Salamah_128kbps/007069.mp3
aziz_alili_128kbps,7,69,accept,,,/content/Quran_Audio_Data/aziz_alili_128kbps/007069.mp3
Abdul_Basit_Murattal_192kbps,15,49,accept,,,/content/Quran_Audio_Data/Abdul_Basit_Murattal_192kbps/015049.mp3
Abdullah_Basfar_192kbps,15,49,accept,,,/content/Quran_Audio_Data/Abdullah_Basfar_192kbps/015049.mp3
Abu_Bakr_Ash-Shaatree_128kbps,15,49,accept,,,/content/Quran_Audio_Data/Abu_Bakr_Ash-Shaatree_128kbps/015049.mp3
Hudhaify_128kbps,15,49,accept,,,/content/Quran_Audio_Data/Hudhaify_128kbps/015049.mp3
Husary_128kbps,15,49,accept,,,/content/Quran_Audio_Data/Husary_128kbps/015049.mp3
Minshawy_Murattal_128kbps,15,49,accept,,,/content/Quran_Audio_Data/Minshawy_Murattal_128kbps/015049.mp3
Muhammad_Ayyoub_128kbps,15,49,accept,,,/content/Quran_Audio_Data/Muhammad_Ayyoub_128kbps/015049.mp3
Yaser_Salamah_128kbps,15,49,accept,,,/content/Quran_Audio_Data/Yaser_Salamah_128kbps/015049.mp3
aziz_alili_128kbps,15,49,accept,,,/content/Quran_Audio_Data/aziz_alili_128kbps/015049.mp3
Abdul_Basit_Murattal_192kbps,107,1,accept,,,/content/Quran_Audio_Data/Abdul_Basit_Murattal_192kbps/107001.mp3
Abdullah_Basfar_192kbps,107,1,accept,,,/content/Quran_Audio_Data/Abdullah_Basfar_192kbps/107001.mp3
Abu_Bakr_Ash-Shaatree_128kbps,107,1,accept,,,/content/Quran_Audio_Data/Abu_Bakr_Ash-Shaatree_128kbps/107001.mp3
Hudhaify_128kbps,107,1,accept,,,/content/Quran_Audio_Data/Hudhaify_128kbps/107001.mp3
Husary_128kbps,107,1,accept,,,/content/Quran_Audio_Data/Husary_128kbps/107001.mp3
Minshawy_Murattal_128kbps,107,1,accept,,,/content/Quran_Audio_Data/Minshawy_Murattal_128kbps/107001.mp3
Muhammad_Ayyoub_128kbps,107,1,accept,,,/content/Quran_Audio_Data/Muhammad_Ayyoub_128kbps/107001.mp3
Yaser_Salamah_128kbps,107,1,accept,,,/content/Quran_Audio_Data/Yaser_Salamah_128kbps/107001.mp3
aziz_alili_128kbps,107,1,accept,,,/content/Quran_Audio_Data/aziz_alili_128kbps/107001.mp3
Abdul_Basit_Murattal_192kbps,98,1,accept,,,/content/Quran_Audio_Data/Abdul_Basit_Murattal_192kbps/098001.mp3
Abdullah_Basfar_192kbps,98,1,accept,,,/content/Quran_Audio_Data/Abdullah_Basfar_192kbps/098001.mp3
Abu_Bakr_Ash-Shaatree_128kbps,98,1,accept,,,/content/Quran_Audio_Data/Abu_Bakr_Ash-Shaatree_128kbps/098001.mp3
Hudhaify_128kbps,98,1,accept,,,/content/Quran_Audio_Data/Hudhaify_128kbps/098001.mp3
Husary_128kbps,98,1,accept,,,/content/Quran_Audio_Data/Husary_128kbps/098001.mp3
Minshawy_Murattal_128kbps,98,1,accept,,,/content/Quran_Audio_Data/Minshawy_Murattal_128kbps/098001.mp3
Muhammad_Ayyoub_128kbps,98,1,accept,,,/content/Quran_Audio_Data/Muhammad_Ayyoub_128kbps/098001.mp3
Yaser_Salamah_128kbps,98,1,accept,,,/content/Quran_Audio_Data/Yaser_Salamah_128kbps/098001.mp3
aziz_alili_128kbps,98,1,accept,,,/content/Quran_Audio_Data/aziz_alili_128kbps/098001.mp3
Abdul_Basit_Murattal_192kbps,67,30,accept,,,/content/Quran_Audio_Data/Abdul_Basit_Murattal_192kbps/067030.mp3
Abdullah_Basfar_192kbps,67,30,accept,,,/content/Quran_Audio_Data/Abdullah_Basfar_192kbps/067030.mp3
Abu_Bakr_Ash-Shaatree_128kbps,67,30,accept,,,/content/Quran_Audio_Data/Abu_Bakr_Ash-Shaatree_128kbps/067030.mp3
Hudhaify_128kbps,67,30,accept,,,/content/Quran_Audio_Data/Hudhaify_128kbps/067030.mp3
Husary_128kbps,67,30,accept,,,/content/Quran_Audio_Data/Husary_128kbps/067030.mp3
Minshawy_Murattal_128kbps,67,30,accept,,,/content/Quran_Audio_Data/Minshawy_Murattal_128kbps/067030.mp3
Muhammad_Ayyoub_128kbps,67,30,accept,,,/content/Quran_Audio_Data/Muhammad_Ayyoub_128kbps/067030.mp3
Yaser_Salamah_128kbps,67,30,review,,low_snr_for_reciter:5.2(med 11.5),/content/Quran_Audio_Data/Yaser_Salamah_128kbps/067030.mp3
aziz_alili_128kbps,67,30,accept,,,/content/Quran_Audio_Data/aziz_alili_128kbps/067030.mp3
Abdul_Basit_Murattal_192kbps,4,20,accept,,,/content/Quran_Audio_Data/Abdul_Basit_Murattal_192kbps/004020.mp3
Abdullah_Basfar_192kbps,4,20,accept,,,/content/Quran_Audio_Data/Abdullah_Basfar_192kbps/004020.mp3
Abu_Bakr_Ash-Shaatree_128kbps,4,20,accept,,,/content/Quran_Audio_Data/Abu_Bakr_Ash-Shaatree_128kbps/004020.mp3
Hudhaify_128kbps,4,20,accept,,,/content/Quran_Audio_Data/Hudhaify_128kbps/004020.mp3
Husary_128kbps,4,20,accept,,,/content/Quran_Audio_Data/Husary_128kbps/004020.mp3
Minshawy_Murattal_128kbps,4,20,accept,,,/content/Quran_Audio_Data/Minshawy_Murattal_128kbps/004020.mp3
Muhammad_Ayyoub_128kbps,4,20,accept,,,/content/Quran_Audio_Data/Muhammad_Ayyoub_128kbps/004020.mp3
Yaser_Salamah_128kbps,4,20,accept,,,/content/Quran_Audio_Data/Yaser_Salamah_128kbps/004020.mp3
aziz_alili_128kbps,4,20,accept,,,/content/Quran_Audio_Data/aziz_alili_128kbps/004020.mp3
Abdul_Basit_Murattal_192kbps,65,6,accept,,,/content/Quran_Audio_Data/Abdul_Basit_Murattal_192kbps/065006.mp3
Abdullah_Basfar_192kbps,65,6,accept,,,/content/Quran_Audio_Data/Abdullah_Basfar_192kbps/065006.mp3
Abu_Bakr_Ash-Shaatree_128kbps,65,6,accept,,,/content/Quran_Audio_Data/Abu_Bakr_Ash-Shaatree_128kbps/065006.mp3
Hudhaify_128kbps,65,6,accept,,,/content/Quran_Audio_Data/Hudhaify_128kbps/065006.mp3
Husary_128kbps,65,6,accept,,,/content/Quran_Audio_Data/Husary_128kbps/065006.mp3
Minshawy_Murattal_128kbps,65,6,accept,,,/content/Quran_Audio_Data/Minshawy_Murattal_128kbps/065006.mp3
Muhammad_Ayyoub_128kbps,65,6,accept,,,/content/Quran_Audio_Data/Muhammad_Ayyoub_128kbps/065006.mp3
Yaser_Salamah_128kbps,65,6,accept,,,/content/Quran_Audio_Data/Yaser_Salamah_128kbps/065006.mp3
aziz_alili_128kbps,65,6,accept,,,/content/Quran_Audio_Data/aziz_alili_128kbps/065006.mp3
Abdul_Basit_Murattal_192kbps,68,38,accept,,,/content/Quran_Audio_Data/Abdul_Basit_Murattal_192kbps/068038.mp3
Abdullah_Basfar_192kbps,68,38,accept,,,/content/Quran_Audio_Data/Abdullah_Basfar_192kbps/068038.mp3
Abu_Bakr_Ash-Shaatree_128kbps,68,38,accept,,,/content/Quran_Audio_Data/Abu_Bakr_Ash-Shaatree_128kbps/068038.mp3
Hudhaify_128kbps,68,38,accept,,,/content/Quran_Audio_Data/Hudhaify_128kbps/068038.mp3
Husary_128kbps,68,38,accept,,,/content/Quran_Audio_Data/Husary_128kbps/068038.mp3
Minshawy_Murattal_128kbps,68,38,accept,,,/content/Quran_Audio_Data/Minshawy_Murattal_128kbps/068038.mp3
Muhammad_Ayyoub_128kbps,68,38,accept,,,/content/Quran_Audio_Data/Muhammad_Ayyoub_128kbps/068038.mp3
Yaser_Salamah_128kbps,68,38,accept,,,/content/Quran_Audio_Data/Yaser_Salamah_128kbps/068038.mp3
aziz_alili_128kbps,68,38,accept,,,/content/Quran_Audio_Data/aziz_alili_128kbps/068038.mp3
Abdul_Basit_Murattal_192kbps,29,64,accept,,,/content/Quran_Audio_Data/Abdul_Basit_Murattal_192kbps/029064.mp3
Abdullah_Basfar_192kbps,29,64,accept,,,/content/Quran_Audio_Data/Abdullah_Basfar_192kbps/029064.mp3
Abu_Bakr_Ash-Shaatree_128kbps,29,64,accept,,,/content/Quran_Audio_Data/Abu_Bakr_Ash-Shaatree_128kbps/029064.mp3
Hudhaify_128kbps,29,64,accept,,,/content/Quran_Audio_Data/Hudhaify_128kbps/029064.mp3
Husary_128kbps,29,64,accept,,,/content/Quran_Audio_Data/Husary_128kbps/029064.mp3
Minshawy_Murattal_128kbps,29,64,accept,,,/content/Quran_Audio_Data/Minshawy_Murattal_128kbps/029064.mp3
Muhammad_Ayyoub_128kbps,29,64,accept,,,/content/Quran_Audio_Data/Muhammad_Ayyoub_128kbps/029064.mp3
Yaser_Salamah_128kbps,29,64,accept,,,/content/Quran_Audio_Data/Yaser_Salamah_128kbps/029064.mp3
aziz_alili_128kbps,29,64,accept,,,/content/Quran_Audio_Data/aziz_alili_128kbps/029064.mp3
Abdul_Basit_Murattal_192kbps,3,120,accept,,,/content/Quran_Audio_Data/Abdul_Basit_Murattal_192kbps/003120.mp3
Abdullah_Basfar_192kbps,3,120,accept,,,/content/Quran_Audio_Data/Abdullah_Basfar_192kbps/003120.mp3
Abu_Bakr_Ash-Shaatree_128kbps,3,120,accept,,,/content/Quran_Audio_Data/Abu_Bakr_Ash-Shaatree_128kbps/003120.mp3
Hudhaify_128kbps,3,120,accept,,,/content/Quran_Audio_Data/Hudhaify_128kbps/003120.mp3
Husary_128kbps,3,120,accept,,,/content/Quran_Audio_Data/Husary_128kbps/003120.mp3
Minshawy_Murattal_128kbps,3,120,accept,,,/content/Quran_Audio_Data/Minshawy_Murattal_128kbps/003120.mp3
Muhammad_Ayyoub_128kbps,3,120,accept,,,/content/Quran_Audio_Data/Muhammad_Ayyoub_128kbps/003120.mp3
Yaser_Salamah_128kbps,3,120,accept,,,/content/Quran_Audio_Data/Yaser_Salamah_128kbps/003120.mp3
aziz_alili_128kbps,3,120,accept,,,/content/Quran_Audio_Data/aziz_alili_128kbps/003120.mp3
Abdul_Basit_Murattal_192kbps,15,26,accept,,,/content/Quran_Audio_Data/Abdul_Basit_Murattal_192kbps/015026.mp3
Abdullah_Basfar_192kbps,15,26,accept,,,/content/Quran_Audio_Data/Abdullah_Basfar_192kbps/015026.mp3
Abu_Bakr_Ash-Shaatree_128kbps,15,26,accept,,,/content/Quran_Audio_Data/Abu_Bakr_Ash-Shaatree_128kbps/015026.mp3
Hudhaify_128kbps,15,26,accept,,,/content/Quran_Audio_Data/Hudhaify_128kbps/015026.mp3
Husary_128kbps,15,26,accept,,,/content/Quran_Audio_Data/Husary_128kbps/015026.mp3
Minshawy_Murattal_128kbps,15,26,accept,,,/content/Quran_Audio_Data/Minshawy_Murattal_128kbps/015026.mp3
Muhammad_Ayyoub_128kbps,15,26,accept,,,/content/Quran_Audio_Data/Muhammad_Ayyoub_128kbps/015026.mp3
Yaser_Salamah_128kbps,15,26,accept,,,/content/Quran_Audio_Data/Yaser_Salamah_128kbps/015026.mp3
aziz_alili_128kbps,15,26,accept,,,/content/Quran_Audio_Data/aziz_alili_128kbps/015026.mp3
Abdul_Basit_Murattal_192kbps,3,95,accept,,,/content/Quran_Audio_Data/Abdul_Basit_Murattal_192kbps/003095.mp3
Abdullah_Basfar_192kbps,3,95,accept,,,/content/Quran_Audio_Data/Abdullah_Basfar_192kbps/003095.mp3
Abu_Bakr_Ash-Shaatree_128kbps,3,95,accept,,,/content/Quran_Audio_Data/Abu_Bakr_Ash-Shaatree_128kbps/003095.mp3
Hudhaify_128kbps,3,95,accept,,,/content/Quran_Audio_Data/Hudhaify_128kbps/003095.mp3
Husary_128kbps,3,95,accept,,,/content/Quran_Audio_Data/Husary_128kbps/003095.mp3
Minshawy_Murattal_128kbps,3,95,accept,,,/content/Quran_Audio_Data/Minshawy_Murattal_128kbps/003095.mp3
Muhammad_Ayyoub_128kbps,3,95,accept,,,/content/Quran_Audio_Data/Muhammad_Ayyoub_128kbps/003095.mp3
Yaser_Salamah_128kbps,3,95,accept,,,/content/Quran_Audio_Data/Yaser_Salamah_128kbps/003095.mp3
aziz_alili_128kbps,3,95,accept,,,/content/Quran_Audio_Data/aziz_alili_128kbps/003095.mp3
Abdul_Basit_Murattal_192kbps,56,52,accept,,,/content/Quran_Audio_Data/Abdul_Basit_Murattal_192kbps/056052.mp3
Abdullah_Basfar_192kbps,56,52,accept,,,/content/Quran_Audio_Data/Abdullah_Basfar_192kbps/056052.mp3
Abu_Bakr_Ash-Shaatree_128kbps,56,52,accept,,,/content/Quran_Audio_Data/Abu_Bakr_Ash-Shaatree_128kbps/056052.mp3
Hudhaify_128kbps,56,52,accept,,,/content/Quran_Audio_Data/Hudhaify_128kbps/056052.mp3
Husary_128kbps,56,52,accept,,,/content/Quran_Audio_Data/Husary_128kbps/056052.mp3
Minshawy_Murattal_128kbps,56,52,accept,,,/content/Quran_Audio_Data/Minshawy_Murattal_128kbps/056052.mp3
Muhammad_Ayyoub_128kbps,56,52,accept,,,/content/Quran_Audio_Data/Muhammad_Ayyoub_128kbps/056052.mp3
Yaser_Salamah_128kbps,56,52,accept,,,/content/Quran_Audio_Data/Yaser_Salamah_128kbps/056052.mp3
aziz_alili_128kbps,56,52,accept,,,/content/Quran_Audio_Data/aziz_alili_128kbps/056052.mp3
Abdul_Basit_Murattal_192kbps,7,150,accept,,,/content/Quran_Audio_Data/Abdul_Basit_Murattal_192kbps/007150.mp3
Abdullah_Basfar_192kbps,7,150,accept,,,/content/Quran_Audio_Data/Abdullah_Basfar_192kbps/007150.mp3
Abu_Bakr_Ash-Shaatree_128kbps,7,150,accept,,,/content/Quran_Audio_Data/Abu_Bakr_Ash-Shaatree_128kbps/007150.mp3
Hudhaify_128kbps,7,150,accept,,,/content/Quran_Audio_Data/Hudhaify_128kbps/007150.mp3
Husary_128kbps,7,150,review,,trailing:4.4s,/content/Quran_Audio_Data/Husary_128kbps/007150.mp3
Minshawy_Murattal_128kbps,7,150,accept,,,/content/Quran_Audio_Data/Minshawy_Murattal_128kbps/007150.mp3
Muhammad_Ayyoub_128kbps,7,150,accept,,,/content/Quran_Audio_Data/Muhammad_Ayyoub_128kbps/007150.mp3
Yaser_Salamah_128kbps,7,150,accept,,,/content/Quran_Audio_Data/Yaser_Salamah_128kbps/007150.mp3
aziz_alili_128kbps,7,150,accept,,,/content/Quran_Audio_Data/aziz_alili_128kbps/007150.mp3
Abdul_Basit_Murattal_192kbps,20,84,accept,,,/content/Quran_Audio_Data/Abdul_Basit_Murattal_192kbps/020084.mp3
Abdullah_Basfar_192kbps,20,84,accept,,,/content/Quran_Audio_Data/Abdullah_Basfar_192kbps/020084.mp3
Abu_Bakr_Ash-Shaatree_128kbps,20,84,accept,,,/content/Quran_Audio_Data/Abu_Bakr_Ash-Shaatree_128kbps/020084.mp3
Hudhaify_128kbps,20,84,accept,,,/content/Quran_Audio_Data/Hudhaify_128kbps/020084.mp3
Husary_128kbps,20,84,accept,,,/content/Quran_Audio_Data/Husary_128kbps/020084.mp3
Minshawy_Murattal_128kbps,20,84,accept,,,/content/Quran_Audio_Data/Minshawy_Murattal_128kbps/020084.mp3
Muhammad_Ayyoub_128kbps,20,84,accept,,,/content/Quran_Audio_Data/Muhammad_Ayyoub_128kbps/020084.mp3
Yaser_Salamah_128kbps,20,84,accept,,,/content/Quran_Audio_Data/Yaser_Salamah_128kbps/020084.mp3
aziz_alili_128kbps,20,84,accept,,,/content/Quran_Audio_Data/aziz_alili_128kbps/020084.mp3
